Id,Enter the First Author Name,Enter the Second Author Name,Enter the Third Author Name,Title of the Paper,status
THX-001,M Keerthana,B Kavinaya ,,"Burnout clock - “Before You Burn, We Warn""",Accepted
THX-002,Sanjeev Pranay .D,Nayab .E,Venkata Mahendra,NEURON: A Zero-Cost Autonomous AI Research Agent with Persistent Vector Memory,Accepted
THX-003,Chethla saiteja ,Chereddy dinesh reddy,CHETTE AKHIL BHARGAV,Al-Driven Smart City Safety and Surveillance System,Accepted
THX-004,Vijay Pratap ,VIJAY Pratap ,Vijay Pratap ,Research paper ,not accepted
THX-005,Likhitha vadluri ,usha varshini,,EXPLAINABL MULTI CLASS BRAIN TUMOR CLASSIFICATION FROM MRI IMAGES,not accepted
THX-006,Ayush Kumar Ojha,,,"AI-Driven Automation and Workforce Transformation: Economic Impacts, Displacement, and Reskilling Strategies",not accepted
THX-007,G. Guna Varshini ,G. Meghana ,,System for AI,not accepted
THX-008,CH.DHANUSH,D.BHANU PRAKASH ,,Student study habits vs marks analyzer ,Accepted
THX-009,D.Mahesh ,D.Sri Vishnu ,,Pack Smart : The Knapsack Algorithm for Hostel Students ,Accepted
THX-010,Farhana Mumtaj A,S.Evangeline Steffy,D.Mohana,Augmented Reality Navigation for Visually Impaired: An Intelligent Multi-Feature Assistive Framework,Accepted
THX-011,C.sai shiva ,CH.chaitanya ,C.CHARAN,SMART PARKING SYSTEM MANAGEMENT USING IOT ,not accepted
THX-012,C Subbarayudu,Ch Surya Siddhartha,B Maheswar Reddy,Stock Price Prediction ,Accepted
THX-013,DIVYADHARSHINI.S,JANANI G,Parimala CH,HR AND EMPLOYEE MANAGEMENT SYSTEM USING MERN STACK ,Accepted
THX-014,shriyam  chaturvedi,,,"# The Role of Artificial Intelligence in Entrepreneurship and Startup Development: Opportunities, Challenges, and Future Prospects  ## Abstract  Artificial Intelligence (AI) has emerged as one of the most transformative technologies of the 21st century, significantly influencing entrepreneurship and startup development. AI enables startups to improve decision-making, automate operations, enhance customer experiences, and develop innovative products and services. This paper explores the role of AI in entrepreneurship by examining its opportunities, challenges, and future prospects. Through a review of existing studies and industry trends, the paper highlights how AI is reshaping startup ecosystems while also presenting concerns related to ethics, privacy, costs, and workforce adaptation. The study concludes that AI has the potential to become a major driver of entrepreneurial success when implemented responsibly and strategically.  **Keywords:** Artificial Intelligence, Entrepreneurship, Startups, Innovation, Business Development, Technology  ## 1. Introduction  Entrepreneurship plays a crucial role in economic growth, innovation, and job creation. In recent years, Artificial Intelligence (AI) has become an important tool for entrepreneurs and startups seeking competitive advantages in dynamic markets. AI refers to computer systems capable of performing tasks that normally require human intelligence, such as learning, reasoning, problem-solving, and decision-making.  Startups often face challenges such as limited resources, intense competition, and uncertainty. AI technologies provide solutions by automating repetitive tasks, analyzing large datasets, and generating insights that support business growth. This paper examines how AI influences entrepreneurship and startup development and discusses both its benefits and limitations.  ## 2. Literature Review  Researchers have identified AI as a key factor in digital transformation and business innovation. Studies suggest that AI enhances organizational efficiency, customer engagement, and strategic decision-making. Entrepreneurs increasingly use AI-powered tools for market research, customer service, financial forecasting, and product development.  Several scholars argue that AI democratizes access to advanced technologies, allowing small startups to compete with larger organizations. However, concerns remain regarding ethical issues, data privacy, algorithmic bias, and dependence on technology.  ## 3. Opportunities of AI in Entrepreneurship and Startups  ### 3.1 Improved Decision-Making  AI can analyze large amounts of data quickly and accurately. Entrepreneurs can use AI systems to identify market trends, predict customer behavior, and make informed business decisions.  ### 3.2 Operational Efficiency  Automation reduces the time and cost associated with repetitive tasks. AI-powered systems can handle customer inquiries, inventory management, scheduling, and administrative processes.  ### 3.3 Enhanced Customer Experience  AI technologies such as chatbots and recommendation systems improve customer interactions by providing personalized experiences and faster support services.  ### 3.4 Innovation and Product Development  AI assists entrepreneurs in designing innovative products and services. Data-driven insights help identify market gaps and customer needs, enabling startups to develop competitive solutions.  ### 3.5 Marketing and Sales Optimization  AI can analyze customer preferences and behavior patterns, allowing businesses to create targeted marketing campaigns and improve conversion rates.  ## 4. Challenges and Risks  ### 4.1 High Initial Costs  Although AI tools are becoming more accessible, implementation costs may still be significant for early-stage startups.  ### 4.2 Data Privacy and Security  AI systems rely heavily on data collection and analysis. Improper handling of customer information may lead to privacy concerns and regulatory issues.  ### 4.3 Ethical Concerns  Algorithmic bias and lack of transparency can result in unfair outcomes. Entrepreneurs must ensure that AI systems are developed and used responsibly.  ### 4.4 Skill Gaps  Successful AI adoption requires technical expertise. Many startups face challenges in recruiting skilled professionals capable of developing and managing AI systems.  ### 4.5 Dependence on Technology  Excessive reliance on AI may reduce human oversight and increase vulnerability to system failures or inaccurate predictions.  ## 5. Future Prospects  The future of AI in entrepreneurship appears highly promising. Emerging technologies such as generative AI, machine learning, predictive analytics, and intelligent automation are expected to create new business opportunities.  AI is likely to support entrepreneurs in areas including:  * Business strategy development * Financial planning * Product innovation * Customer engagement * Global market expansion  Rather than replacing entrepreneurs, AI is expected to function as a powerful collaborative tool that enhances human creativity and decision-making.  ## 6. Conclusion  Artificial Intelligence is transforming entrepreneurship and startup development by improving efficiency, innovation, and decision-making capabilities. AI enables startups to overcome resource limitations and compete effectively in modern markets. However, challenges related to cost, ethics, privacy, and workforce readiness must be addressed to ensure sustainable implementation. As AI technologies continue to evolve, entrepreneurs who strategically integrate AI into their business models are likely to gain significant competitive advantages.  ## References  1. Russell, S., & Norvig, P. Artificial Intelligence: A Modern Approach. 2. Brynjolfsson, E., & McAfee, A. The Second Machine Age. 3. Davenport, T., & Ronanki, R. Artificial Intelligence for the Real World. 4. World Economic Forum reports on AI and entrepreneurship. 5. McKinsey Global Institute reports on Artificial Intelligence. 6. Recent journal articles from IEEE, Springer, and Google Scholar related to AI and startups.",not accepted
THX-015,Yashwanth,,,Qr based intelligence assessment system ,not accepted
THX-016,Katta Gouthami ,K.Kavya,M.Mounika Chowdhary ,AI based resume and candidate ranking system ,Accepted
THX-017,GORA MANJUNATH REDDY ,Gurram Venkateswarlu,GOBBURI VISHNU VAMSI,Lightweight Zero-Knowledge Proof Authentication Using Schnorr Protocol on Elliptic Curves,Accepted
THX-018,Sattwik Modak ,,,Sattwik JOBS,not accepted
THX-019,Balendra Kumar Maddula,,,A Multifactorial Analysis of Why AI Hallucinates,Accepted
THX-020,MOHAMMED IZHAN S,,,Crowdsourced Offline Water Quality Mapping via GSM-SMS on Raspberry Pi: A Community-Driven Participatory Sensing Architecture for Rural India Without Internet Connectivity,Accepted
THX-021,T.Dharshini,Nishanthini A,shaik Dhaliya ,AgroShield: A Frugal AI-Based Counterfeit Pesticide Detection System for Smallholder Farmers,Accepted
THX-022,Varun Dwivedi,nil,nil,Data Science & Big Data Analytics,not accepted
THX-023,K. Venkata Jayanth,,,"TinyInfer: A From-Scratch C++17 Neural Network Inference Engine with AVX2 SIMD Kernels, ONNX Integration, and Python Bindings",accepted
THX-024,Chintham muktha sree ,Bursu siri,,Real time emotion detection from text and facial expressions using AI,accepted
THX-025,ch.subhash ,Ch.phani kumar,D.manoj kumar ,Ai- based water quality detection using ph strip and computer vision and cloud dashboard ,accepted
THX-026,G yalliswar,Gadamsetty venkata tejaswar ,E vinay kumar,Smart medicine reminder for elders ,accepted
THX-027,Shivani ,Kaviya.D,,Web application traffic control: Configuring intercepting proxy architecture via burp suite ,accepted
THX-028,Chinnireddy Lohitha reddy ,Challa Mounika ,,Hybrid Machine learning based early disease prediction using patient symptoms and medical history ,accepted
THX-029,Sameer Yadav,,,Acoustic Material Identification for Plastic Waste Sorting Using  Impact-Sound Analysis and a Quantized 2D-CNN on ESP32: A  Frugal Edge-AI Assistive Device for Informal Waste Pickers,accepted
THX-030,D.Rajitha,G.Sneha Sandhya ,,HEART RISK PREDICTION AND MONITORING SYSTEM USING ML,accepted
THX-031,Kalaivani. R,,,Offline Smartphone-Based Glaucoma Screening Using a Low-Cost  Fundus Clip-On Lens and On-Device Deep Learning: A Frugal  Innovation Framework for Rural India,accepted
THX-032,Sradha Sudheesh ,Suren Subramani V,Nil,Automated Exploit Verification and Threat   Modeling: Implementing Penetration Testing  Lifecycle Frameworks via Metasploit,accepted
THX-033,Guru Sai nath reddy ,Sudheer ,,Offline Fake Pesticide Detection via Paper-Based Sensor and Smartphone Colorimetry,accepted
THX-034,Ch. Sarath kumar  ,,,Pneumonia Detection from Lung Auscultation Sounds Using a Low-Cost Digital Stethoscope and Offline 1D-CNN Inference on ESP32: A Frugal Paediatric Screening Tool for ASHA Workers in Remote India,not accepted
THX-035,Challa Mounika ,Chinnireddy Lohitha Reddy ,,Hybrid Machine Learning Based- Early Disease Prediction Using Patient Symptoms and Medical History ,accepted
THX-036,KAMALINI V,JOTHIRAMAN J ,-,An Advanced AI-Driven Forensic Framework for Multimodal Cybercrime Investigation and Automated Fake Profile Detection,accepted
THX-037,Poojaa S,Kiruthika Ruby B,Rathimeena ,Smart Insurance Premium Prediction System Using Machine Learning,accepted
THX-038,R NIKHIL ,,,Robust PPG Heart Rate Estimation under Motion Artifact,not accepted
THX-039,BOLLINENI VINAI,,,Efficient transformers for music source seperation,accepted
THX-040,Ranjith M,Sowmya sri,,Automated design of QEC Codes via Reinforcement learning ,accepted
THX-041,Ch Ratnakar ,,,Semantic Segmentation of Historical Manuscripts ,accepted
THX-042,Sk Anwar Basha,,, Verifiable Blind Quantum Computation,accepted
THX-047,M.Uday Krishna,M.Bala Thilak,M.Rishi,Web based voting management system,not accepted
THX-048,RajendraPrasad V M ,vinay Y M ,Sathwik gowda P H, AI-Based Early Detection of Salmonella Infection  Using Vent Image Analysis,not accepted
THX-049,Hari Prasad K,Ganesh M,,"LinkShield – Intelligent URL Analysis, Threat Detection & Phishing Learning Hub",not accepted
THX-050,Galeti Hema Sree ,G.Meghana,G.Guna Varshini ,Resume to job-match,accepted
THX-051,Deepthi Muthukumar,Muthukumar S,,ResiScan: Explainable Protein Language Model Embeddings for Rapid Antibiotic Resistance Gene Classification,accepted
THX-052,Kirthika R ,Prity christy E.P,Sweety Evangelin D,Creating an Annotated Dataset for an Chatbot Development ,accepted
THX-053,Bhoobika ,Shoaiba Fathima ,Harsha vardhini,Speech data for regional language recognition,accepted
THX-054, Dacharla Rajitha,Gaddam Sneha Sandhya ,,HEART RISK PREDICTION AND MONITORING SYSTEM ,accepted
THX-043,Anamuddin Ahmad,,,Research work ,not accepted
THX-044,Atina Jahnavi,,,DSA patterns ,not accepted
THX-045,Gajjala Naga Sandhya,,,Zero-Shot Event Detection in Multilingual Streams,not accepted
THX-046,Samuel Oral Robert,,,Detecting Silent Data Corruptions in GPUs,accepted